<?xml version="1.0" encoding="UTF-8"?>
<suite name="Test Suite" verbose="2" parallel="methods" thread-count="2">
  <parameter name="Browser" value="Chrome"/> 
    <test name="Run multiple tests">
    
         <classes>
        <class name="testNG.ParallelTesting">   </class>
      <!--   <class name="testNG.OpenGoogleTestNG"></class>
        <class name="testNG.PrioritiesExample"> </class>
        <class name="testNG.PrioritiesExample"> </class> 
        <class name="testNG.WhoIsThis"> </class>-->
        <!-- <class name="testNG.MyBrowserMyRules"> </class> -->
        </classes>
    </test>
</suite>